<keymap version="1" name="Visual Studio Mine" parent="Visual Studio">
  <action id="Arrangement.Alias.Rule.Match.Condition.Move.Down" />
  <action id="Arrangement.Rule.Group.Condition.Move.Down" />
  <action id="Arrangement.Rule.Group.Condition.Move.Up" />
  <action id="Arrangement.Rule.Match.Condition.Move.Down" />
  <action id="Arrangement.Rule.Match.Condition.Move.Up" />
  <action id="BuildCurrentProject">
    <keyboard-shortcut first-keystroke="shift ctrl f7" />
    <keyboard-shortcut first-keystroke="f4" />
  </action>
  <action id="CollapseSelection" />
  <action id="Diff.NextChange" />
  <action id="Diff.PrevChange" />
  <action id="DomCollectionControl.Edit" />
  <action id="DomElementsTreeView.GotoDomElementDeclarationAction" />
  <action id="EditSource" />
  <action id="EditorChooseLookupItemDot" />
  <action id="EditorDeleteLine">
    <keyboard-shortcut first-keystroke="shift ctrl l" />
    <keyboard-shortcut first-keystroke="shift ctrl delete" />
    <keyboard-shortcut first-keystroke="ctrl l" />
  </action>
  <action id="ExternalSystem.OpenConfig" />
  <action id="Graph.ApplyCurrentLayout">
    <keyboard-shortcut first-keystroke="shift f5" />
  </action>
  <action id="Graph.RouteEdges" />
  <action id="JumpToNextChange">
    <keyboard-shortcut first-keystroke="shift ctrl equals" />
    <keyboard-shortcut first-keystroke="shift ctrl close_bracket" />
  </action>
  <action id="MethodDown">
    <keyboard-shortcut first-keystroke="alt right" />
  </action>
  <action id="MethodUp">
    <keyboard-shortcut first-keystroke="alt left" />
  </action>
  <action id="MoveLineDown">
    <keyboard-shortcut first-keystroke="alt down" />
  </action>
  <action id="MoveLineUp">
    <keyboard-shortcut first-keystroke="alt up" />
  </action>
  <action id="NavBar-navigate" />
  <action id="NextTab" />
  <action id="PreviousTab" />
  <action id="ProjectViewEditSource" />
  <action id="RecentFiles" />
  <action id="RemoteHostView.EditSource" />
  <action id="RiderEditSource" />
  <action id="RiderUnitTestRunSolutionTwAction" />
  <action id="Run">
    <keyboard-shortcut first-keystroke="ctrl f5" />
    <keyboard-shortcut first-keystroke="f6" />
  </action>
  <action id="RunClass" />
  <action id="RunDashboard.Run" />
  <action id="SearchEverywhere">
    <keyboard-shortcut first-keystroke="ctrl t" />
    <keyboard-shortcut first-keystroke="ctrl comma" />
  </action>
  <action id="ShowContent" />
  <action id="ShowIntentionActions">
    <keyboard-shortcut first-keystroke="alt enter" />
    <keyboard-shortcut first-keystroke="ctrl period" />
  </action>
  <action id="ShowSearchHistory" />
  <action id="SwitchHeaderSource">
    <keyboard-shortcut first-keystroke="alt o" />
    <keyboard-shortcut first-keystroke="ctrl k" second-keystroke="o" />
    <keyboard-shortcut first-keystroke="ctrl k" second-keystroke="ctrl o" />
    <keyboard-shortcut first-keystroke="ctrl q" />
  </action>
  <action id="Terminal.ClearBuffer" />
  <action id="Unwrap" />
  <action id="UsageView.ShowRecentFindUsages" />
  <action id="Vcs.EditSource" />
  <action id="XDebugger.JumpToSource" />
</keymap>