<application>
  <component name="XDebuggerSettings">
    <data-views>
      <option name="valueLookupDelay" value="150" />
    </data-views>
    <general>
      <option name="hideDebuggerOnProcessTermination" value="true" />
    </general>
    <debuggers>
      <debugger id="dotnet_debugger">
        <configuration>
          <option name="breakOnUserUnhandledExceptions" value="true" />
          <option name="groupNonPublicMembers" value="true" />
          <option name="showFullyQualifiedTypeNames" value="true" />
          <option name="showRawNodeForDebuggerBrowsableValues" value="true" />
        </configuration>
      </debugger>
    </debuggers>
  </component>
</application>