<application>
  <component name="GeneralSettings">
    <option name="reopenLastProject" value="false" />
    <option name="autoSaveFiles" value="false" />
  </component>
  <component name="Registry">
    <entry key="ide.tooltip.initialDelay" value="0" />
    <entry key="ide.win.file.chooser.native" value="true" />
    <entry key="ide.tree.horizontal.default.autoscrolling" value="false" />
    <entry key="ide.borderless.tab.caption.in.title" value="false" />
    <entry key="ide.borderless.title.product" value="false" />
    <entry key="ide.borderless.title.version" value="false" />
    <entry key="ide.debug.in.title" value="true" />
    <entry key="debugger.new.debug.tool.window.view" value="true" />
    <entry key="ea.enable.developers.list" value="false" />
    <entry key="rdclient.asyncActions" value="false" />
    <entry key="ide.require.transaction.for.model.changes" value="false" />
    <entry key="search.everywhere.pattern.checking" value="false" />
    <entry key="parameter.info.max.visible.rows" value="10" />
    <entry key="performance.watcher.sampling.interval.ms" value="200" />
    <entry key="performance.watcher.unresponsive.interval.ms" value="1000" />
    <entry key="ide.svg.icon" value="true" />
    <entry key="ide.win.frame.decoration" value="true" />
    <entry key="ide.tooltip.showAllSeverities" value="true" />
    <entry key="ide.tree.expand.navigatable.on.double.click.disabled" value="true" />
    <entry key="show.diff.preview.as.editor.tab.with.single.click" value="true" />
    <entry key="show.log.as.editor.tab" value="false" />
    <entry key="show.diff.preview.as.editor.tab" value="true" />
    <entry key="vcs.log.show.diff.preview.as.editor.tab" value="true" />
    <entry key="search.everywhere.settings" value="true" />
    <entry key="light.edit.file.open.enabled" value="false" />
  </component>
</application>